Trace ID,Source,Stakeholder need,Requirement,Priority,Acceptance criteria,Verification method,Design ref (M2),Issue/PR (M3),Test ID (M3),Release evidence (M4),Status,ASR (M2),Architecture component (M2),Data impact (M2),Design/interface decision (M2),Technology decision (M2),Implementation evidence (M2),ADR ref (M2)
TR-001,SH-01 / Master Brief 2.0 - 'Requesters have limited visibility of whether a request was received',Requester must know a request was received and where it stands,FR-005,Must,AC-005,Functional test + DB inspection,Pending M2,Pending M3,Pending M3,Pending M4,Baselined,,src/web/app.py (submission route); RequestService.create_request,"requests row insert (status=New, version=0); request_audit row (action_type=request_submitted); no outbox row - FR-009 does not trigger on creation","Server-rendered form (ADR-001); mandatory-field and category validation enforced in the service layer, not only the UI (FEC-02)","Proposed: Python 3.11 + Flask 3.1.3 (ADR-001) - not yet Accepted, pending the DEC-008 platform PoC","src/web/app.py, src/web/templates/new_request.html, src/persistence/request_service.py::create_request; tests/test_request_submission.py (6 tests passing)",ADR-001
TR-002,SH-01 / Master Brief 2.0,Requester must know a request was received and where it stands,FR-007,Must,AC-007,Functional test,Pending M2,Pending M3,Pending M3,Pending M4,Baselined,,,,,,,
TR-003,SH-01 / Master Brief 2.0,Requester must know a request was received and where it stands,FR-008,Must,AC-008,Functional + negative-access test,Pending M2,Pending M3,Pending M3,Pending M4,Baselined,,,,,,,
TR-004,SH-01 / Master Brief 3.0 requester capabilities,"Requester must receive meaningful feedback on acceptance, rejection, update and completion",FR-009,Must,AC-009,Functional test + notification log,Pending M2,Pending M3,Pending M3,Pending M4,Baselined - AC clarified by CHG-001,Yes,,,,,,
TR-005,"SH-04 / Master Brief 2.0 - 'Reporting is manual, inconsistent and difficult to audit'",Management must identify outstanding and overdue work reliably,FR-019,Must,AC-019,Functional test on seeded data,Pending M2,Pending M3,Pending M3,Pending M4,Baselined,,,,,,,
TR-006,SH-04 / Master Brief 2.0,Management must identify outstanding and overdue work reliably,FR-021,Must,AC-021,"Boundary test at T-1, T, T+1",Pending M2,Pending M3,Pending M3,Pending M4,Baselined - threshold values provisional (RSK-05),,,,,,,
TR-007,SH-04 / Master Brief 2.0 - 'weak accountability for changes to request status',Every status and assignment change must be attributable,FR-025,Must,AC-025,Functional + negative test,Pending M2,Pending M3,Pending M3,Pending M4,In Development - covers creation and acceptance; status-change and assignment-change audit rows beyond these two operations not yet built,Yes,"RequestService.create_request, RequestService.accept_request",request_audit row inserted in the same transaction as every request/status change (ADR-002),"Audit row written atomically with the business change, never as a separate step (ADR-002)",,"src/persistence/request_service.py (both methods); tests/test_request_acceptance.py, tests/test_request_submission.py (audit row assertions)",ADR-002
TR-008,"SH-04, SH-09 / CN-05",Every status and assignment change must be attributable,NFR-006,Must,AC-N006,Functional + negative test,Pending M2,Pending M3,Pending M3,Pending M4,In Development - measurable for the two operations built so far,Yes,request_audit table (src/persistence/schema.sql),"actor_user_id, previous/new status, previous/new assignee, correlation_id, timestamp recorded per row",,,tests assert audit_count and action_type/previous_status/new_status per operation (both test files),ADR-002
TR-009,SH-02 / Master Brief 2.0 - 'Staff have difficulty prioritising requests and identifying ownership',Staff must see one prioritised queue with clear ownership,FR-011,Must,AC-011,Functional test,Pending M2,Pending M3,Pending M3,Pending M4,Baselined,,,,,,,
TR-010,SH-02 / Master Brief 3.0 staff capabilities,Staff must locate relevant requests quickly,FR-012,Must,AC-012,Functional + performance test,Pending M2,Pending M3,Pending M3,Pending M4,Baselined,,,,,,,
TR-011,SH-03 / Master Brief 3.0 staff capabilities,Ownership of a request must be unambiguous and changeable,FR-014,Must,AC-014,Functional test + audit inspection,Pending M2,Pending M3,Pending M3,Pending M4,In Development - Staff self-accept implemented and tested; Manager reassignment (CHG-001's second trigger) not yet built,Yes,RequestService.accept_request; LifecycleValidator.can_accept (ADR-003),"optimistic-concurrency version check prevents double acceptance (versioned aggregate, ADR-002)","Transition-table validator, not the State pattern (ADR-003)",,"src/persistence/request_service.py::accept_request, src/persistence/lifecycle.py; tests/test_request_acceptance.py","ADR-002, ADR-003"
TR-012,SH-04 / Master Brief 2.0 - 'no single controlled record of the lifecycle',Status must move only through controlled transitions,FR-015,Must,AC-015,Full state-transition matrix test,Pending M2,Pending M3,Pending M3,Pending M4,In Development - one of seven transitions implemented and tested; the rest await an approved specification,Yes,src/persistence/lifecycle.py::LifecycleValidator,,"Transition-table validator, not the State pattern (ADR-003) - explicit, testable rule set over a class hierarchy",,LifecycleValidator.can_accept (New->Accepted only); tests/test_lifecycle_validator.py (3 tests). Partial: only this one transition of FR-015's seven-state table is specified and implemented so far.,ADR-003
TR-013,SH-04 / CF-02,Reporting must be possible by category without free-text noise,FR-006,Must,AC-006,Functional + boundary test,Pending M2,Pending M3,Pending M3,Pending M4,Baselined,,src/web/app.py (submission route); RequestService.create_request,category_id FK checked against categories.is_active=1 before insert,Controlled category list rendered as a <select> populated from the active categories table only (ADR-001),"Proposed: Python 3.11 + Flask 3.1.3 (ADR-001) - not yet Accepted, pending the DEC-008 platform PoC","src/web/app.py, src/persistence/request_service.py::create_request; tests/test_request_submission.py::test_create_request_rejects_inactive_category, ::test_create_request_rejects_unknown_category",ADR-001
TR-014,SH-04 / CF-02,"Reporting must be possible by category, status, assignee and period",FR-020,Must,AC-020,Functional test with reconciliation,Pending M2,Pending M3,Pending M3,Pending M4,Baselined,,,,,,,
TR-015,"SH-09, CN-05 / CF-01",Sensitive requester information must not be broadly visible,NFR-012,Must,AC-N012,Automated negative-access test,Pending M2,Pending M3,Pending M3,Pending M4,"Design decided (ADR-007, Proposed) - implementation pending FR-001/FR-002 (login) and RSK-16",Yes,,,"Authorization placed in the service layer, checked per-record against the loaded request (ADR-007) - not a route decorator, because this rule is per-record, not per-route",,,ADR-007
TR-016,"SH-05, CN-05",Access must be restricted by role,FR-003,Must,AC-003,Role x operation matrix test,Pending M2,Pending M3,Pending M3,Pending M4,Baselined,,,,,,,
TR-017,CN-05 / Master Brief 16,"Authorisation must be enforced, not assumed",NFR-004,Must,AC-N004,Automated matrix test,Pending M2,Pending M3,Pending M3,Pending M4,"Design decided (ADR-007, Proposed) - implementation pending FR-001/FR-002 (login) and RSK-16",Yes,,,"Authorization enforced inside the domain service before any write, mirroring LifecycleValidator's placement (ADR-003, ADR-007) - not a decorator, so an internal caller cannot bypass it",,,ADR-007
TR-018,CN-05 / Master Brief 9,No credential may exist in the repository,NFR-005,Must,AC-N005,Automated secret scan on every PR,N/A - control active from M1,Active from M1,Secret scan run,Pending M4,Baselined - control operating,,,,,,,
TR-019,"CN-03, SH-06 / Master Brief 4",The solution must not create an unsustainable financial burden,NFR-010,Must,AC-N010,Cost review,Pending M2,Pending M3,Pending M3,Pending M4,Baselined,,,,,,,
TR-020,"SH-02, SH-04 / CN-04",The system must remain responsive at realistic volume,NFR-001,Must,AC-N001,Load test,Pending M2,Pending M3,Pending M3,Pending M4,Baselined,Yes,,,,,,
TR-021,SH-05 / Master Brief 3.0 management capabilities,Categories and their targets must be administrable,FR-023,Must,AC-023,Functional + referential-integrity test,Pending M2,Pending M3,Pending M3,Pending M4,Baselined,,,,,,,
TR-022,SH-05,Users and roles must be administrable,FR-024,Must,AC-024,Functional test + audit inspection,Pending M2,Pending M3,Pending M3,Pending M4,Baselined,,,,,,,
TR-023,"SH-01, SH-02 / CF-04",Requester and staff must communicate without exposing personal contact details,FR-010,Should,AC-010,Functional test + privacy review,Pending M2,Pending M3,Pending M3,Pending M4,Baselined,,,,,,,
TR-024,SH-02 / Master Brief 3.0 staff capabilities,Actions and resolution must be recorded against the request,FR-016,Must,AC-016,"Functional test, positive and negative",Pending M2,Pending M3,Pending M3,Pending M4,Baselined,,,,,,,
TR-025,SH-02 / Master Brief 2.0 - 'requests may be duplicated',Duplicate submissions should be reduced,FR-026,Could,AC-026,Functional test,Pending M2,Pending M3,Pending M3,Pending M4,"Baselined - lowest priority, first candidate for RSK-12 scope freeze",,,,,,,
TR-026,SH-05 / CN-05,Accounts must exist and carry exactly one role,FR-001,Must,AC-001,Functional test + audit inspection,Pending M2,Pending M3,Pending M3,Pending M4,Baselined,,,,,,,
TR-027,"SH-05, SH-09 / CN-05",Only authenticated users may reach the system,FR-002,Must,AC-002,Automated negative-access test,Pending M2,Pending M3,Pending M3,Pending M4,Baselined,,,,,,,
TR-028,SH-01,A user locked out must be able to regain access safely,FR-004,Should,AC-004,"Functional test, positive and negative",Pending M2,Pending M3,Pending M3,Pending M4,Baselined,,,,,,,
TR-029,SH-02 / Master Brief 3.0 staff capabilities,Staff must see complete request detail including history,FR-013,Must,AC-013,Functional test,Pending M2,Pending M3,Pending M3,Pending M4,Baselined,,,,,,,
TR-030,"SH-02, SH-04 / Master Brief 3.0",Requests must be closed only by an authorised role,FR-017,Must,AC-017,Functional + authorisation test,Pending M2,Pending M3,Pending M3,Pending M4,Baselined,,,,,,,
TR-031,SH-02 / Master Brief 3.0 requester capabilities,A rejected request must carry a reason back to the requester,FR-018,Should,AC-018,"Functional test, positive and negative",Pending M2,Pending M3,Pending M3,Pending M4,Baselined,,,,,,,
TR-032,SH-04 / Master Brief 2.0 - 'Reporting is manual',Management must be able to take activity data offline,FR-022,Should,AC-022,Functional + row-count reconciliation,Pending M2,Pending M3,Pending M3,Pending M4,Baselined,,,,,,,
TR-033,"SH-01, SH-06 / CN-03",The service must be reliably reachable during working hours,NFR-002,Should,AC-N002,Uptime monitoring log,Pending M2,Pending M3,Pending M3,Pending M4,Baselined - cold start declared as a known limitation (RSK-02),Yes,,,,,,
TR-034,SH-09 / CN-05,Credentials must not be recoverable from storage,NFR-003,Must,AC-N003,Database inspection + code review,Pending M2,Pending M3,Pending M3,Pending M4,Baselined,,,,,,,
TR-035,SH-01 / Master Brief 3.0,Submission must be achievable without training,NFR-007,Should,AC-N007,Moderated usability test,Pending M2,Pending M3,Pending M3,Pending M4,Baselined,,,,,,,
TR-036,SH-01,The service must be usable by people with visual or motor impairment,NFR-008,Should,AC-N008,Automated accessibility scan + keyboard walkthrough,Pending M2,Pending M3,Pending M3,Pending M4,Baselined,,,,,,,
TR-037,"SH-07 / CN-04, CN-06",The system must remain changeable by a three-person team,NFR-009,Should,AC-N009,CI coverage and static-analysis report,Pending M2,Pending M3,Pending M3,Pending M4,Baselined,,,,,,,
TR-038,"SH-04, SH-06 / Master Brief 17",Request data must survive loss of the environment,NFR-011,Should,AC-N011,Documented restore rehearsal,Pending M2,Pending M3,Pending M3,Pending M4,Baselined,,,,,,,
TR-039,SH-06 / CN-03,The system must hold realistic volume inside free-tier limits,NFR-013,Should,AC-N013,Capacity test,Pending M2,Pending M3,Pending M3,Pending M4,Baselined,Yes,,,,,,
TR-040,CN-05 / Master Brief 16,Input must not be trusted from the client,NFR-014,Must,AC-N014,Automated boundary and negative test,Pending M2,Pending M3,Pending M3,Pending M4,Baselined,,,,,,,
